bp,rank,score,ts,uptime_score
B62qoeKm4p9J6Q3hYWzb82Yo5uP163MqooBX4ZWjp8FpX3N6Y81QgFc,1,8724,2021-05-22 11:26:39.362277,97.42 %
B62qqKoxyhPfHY9kw283dafk5jztbbKdH78eDXpNCyj69cmckC8KZqs,2,8724,2021-05-22 11:26:39.362277,97.42 %
B62qnSUbgFfPTsZGPhFU9hEy4PerBLCHVcTCYthU7BUN75nHiZQPg6r,3,8724,2021-05-22 11:26:39.362277,97.42 %
B62qphpEdBwSycpN67XFjcXSEY9j18chmttFTXYerhTPMX4JkXubWkd,4,8724,2021-05-22 11:26:39.362277,97.42 %
B62qqvDf19E357mwCfM6fHRhuBTaNcwnKCJbaNE3waGnQ8uNZZPU66g,5,8724,2021-05-22 11:26:39.362277,97.42 %
B62qoTASPAqsxJb1kmDZtYhxRAuuegWG1WhzkxqmZVD3BmKLenPa3hx,6,8724,2021-05-22 11:26:39.362277,97.42 %
B62qmpSNd5voNiVnyM4c1bcbRC53wdkEANwYZaA2iA5rgCv68XezSuG,7,8724,2021-05-22 11:26:39.362277,97.42 %
B62qpMcYjgezccPk8NfaSto4jyV3uGU8R24D9uSShMoqr8JdpAv4RKo,8,8724,2021-05-22 11:26:39.362277,97.42 %
B62qowm5zNjGsDzC67eTc4zvjXwdkPRUKHFzeSDRjm6FBojzqmNfNhH,9,8724,2021-05-22 11:26:39.362277,97.42 %
B62qrGX6VyP6BmGAMYzrvhyq12JDuCQHpuumme2St5K5nWgPiFKhwMS,10,8724,2021-05-22 11:26:39.362277,97.42 %
B62qrx22PmRx6jXfvrS4amPCGR22KX6SB7NXvFLTuw9eDZYgVtymid2,11,8724,2021-05-22 11:26:39.362277,97.42 %
B62qoQjPL289fYLgcPzDmZ1Dv5kqNYANsicix6v6epSHXUW6H3XUTL9,12,8723,2021-05-22 11:26:39.362277,97.41 %
B62qns9cPvDwckhJXHpWZZ8b8T8oUgoF4Enpax5zNVBYYMtQwHf4Cmp,13,8723,2021-05-22 11:26:39.362277,97.41 %
B62qqgGAQfpFhX8G1iF253C37CMsj6ypn77C9fr3Y17iU6B5Ft4XjPo,14,8723,2021-05-22 11:26:39.362277,97.41 %
B62qpge4uMq4Vv5Rvc8Gw9qSquUYd6xoW1pz7HQkMSHm6h1o7pvLPAN,15,8723,2021-05-22 11:26:39.362277,97.41 %
B62qq9CY1jVwTNjxbqUxNT4qhAy24woM1uzYA2HUo4QEGpkyUDXt3YF,16,8723,2021-05-22 11:26:39.362277,97.41 %
B62qnMmqkKptkyQPvYmCAAEnbNxjjRkpFZJSJLBgAuDL2bURwZgXe55,17,8723,2021-05-22 11:26:39.362277,97.41 %
B62qidz67vVjRUWi4QWBhE6i6JAs5i55YP1CuRsSNB8CjM4nttrRS4q,18,8722,2021-05-22 11:26:39.362277,97.40 %
B62qry8iJF3X2icdxsCzFz2qEXPUiu9HkR1wBde93bqgjvFzcRcFnti,19,8722,2021-05-22 11:26:39.362277,97.40 %
B62qoRsqqfdfDb3s4nTgTVUQGLep77ZcoKjjWoyxspTn4CEbtBknDek,20,8722,2021-05-22 11:26:39.362277,97.40 %
B62qqV16g8s744GHM6Dph1uhW4fggYwyvtDnVSoRUyYqNvTir3Rqqzx,21,8722,2021-05-22 11:26:39.362277,97.40 %
B62qr7o47ANtvCpSzdVXXoweGkaZkwWnq2mZ6Heg7KQTCuShF4KeKFS,22,8721,2021-05-22 11:26:39.362277,97.39 %
B62qpJavug1VGCBSttepmXr6nh8fvXY5SigbN44ttYDia65vwbTEcq2,23,8721,2021-05-22 11:26:39.362277,97.39 %
B62qpPqw2hzqjtcqpEwvckfsAENgXUxgJGu8y3Z6Fzus7pRH6UaLLp7,24,8721,2021-05-22 11:26:39.362277,97.39 %
B62qq2PGvsoNC4u3uxthhs2ztXzuXRzqoWX9pWUDo5xdC3vdG7DQkjU,25,8721,2021-05-22 11:26:39.362277,97.39 %
B62qnWPnneWPobbir3JncBDVnj9dGvT1RA713xYVxJ9sBYgYHiu68Xh,26,8721,2021-05-22 11:26:39.362277,97.39 %
B62qrae3PEBj66KV2obWnzVxMjDCMuFWnyzxEzvLkQutaKPmWtfUPm3,27,8720,2021-05-22 11:26:39.362277,97.38 %
B62qpZQ7xcNpv6zcY75D2y1V4K1DHXVpkbCJAYpPNHgutXAb6o5QSZE,28,8720,2021-05-22 11:26:39.362277,97.38 %
B62qqpujuZ5W9uGtEwJv9R9yP8475hjFd93D4fVXoVPi9tmAMsQZBhn,29,8720,2021-05-22 11:26:39.362277,97.38 %
B62qnMTo6ii49AJa83i3i2WeG3bJN6WHDYh9K7BvKb42aQHC3Pibvxp,30,8720,2021-05-22 11:26:39.362277,97.38 %
B62qq6FzjoX7GCqDY9aUP7eFm9QdqHpFJ8Aa5xB1YLj9GuPtsvG6Mp8,31,8720,2021-05-22 11:26:39.362277,97.38 %
B62qj3Gzxgb4G4M8CwZRXZPtmVwGJtGfVXVbpMrACNDSqQLoXzSQ9HW,32,8719,2021-05-22 11:26:39.362277,97.36 %
B62qoev8sKidbnw2RmSAJ5w4SFdPvn88UtqvZt8GxHHd3d2P7x2Etgv,33,8719,2021-05-22 11:26:39.362277,97.36 %
B62qjhiEXP45KEk8Fch4FnYJQ7UMMfiR3hq9ZeMUZ8ia3MbfEteSYDg,34,8719,2021-05-22 11:26:39.362277,97.36 %
B62qmWbgvGV1MwxS6rJEG3BSbT2T8b5DP2Theb2CaBduBXGJz6qfCqb,35,8718,2021-05-22 11:26:39.362277,97.35 %
B62qny4snW5cBovDvVFLSipUMaDiu7xwYMrfbTscDLDne7enKJyGkbh,36,8718,2021-05-22 11:26:39.362277,97.35 %
B62qjBpH4zeWgy4d4p59qUXDA3DtYeCyBrRM286sdXZFw4A8SiswfBh,37,8718,2021-05-22 11:26:39.362277,97.35 %
B62qp17siioFbT7ugFCJwtfcSn9SHFsBNAkUAxKjaFtorKqQ2Z46L1G,38,8717,2021-05-22 11:26:39.362277,97.34 %
B62qs12XTUTSiWuhyF1R3MfXB3p4QaGxv6JFZYoMUuG4DGCEhzn39LL,39,8717,2021-05-22 11:26:39.362277,97.34 %
B62qkBqSkXgkirtU3n8HJ9YgwHh3vUD6kGJ5ZRkQYGNPeL5xYL2tL1L,40,8717,2021-05-22 11:26:39.362277,97.34 %
B62qipnm2igSVxVw6mqSdhU55kwwXDdE7mbh6FSiDj2zQFKhQ8iezwe,41,8717,2021-05-22 11:26:39.362277,97.34 %
B62qoG7mge74phWmvLdgMTrewb3Znpkvt3LYbtiKgvhN3v4kjVx1RPc,42,8716,2021-05-22 11:26:39.362277,97.33 %
B62qmBBEPcCpWqvMhParohskEjDttye1A7iSxwmMncXXgKkgjQ9PA7y,43,8715,2021-05-22 11:26:39.362277,97.32 %
B62qnr2iUdADcgeYKUVjjvXaPy4qXXz8gmYUYu2WbHA8ZaieWMo2r9s,44,8715,2021-05-22 11:26:39.362277,97.32 %
B62qkd4tZQGe9mo5tK3wQi5PUoMdtUGtLWps6Se9o1qWdwNwuUtdWdr,45,8715,2021-05-22 11:26:39.362277,97.32 %
B62qqMU2Es9QPPYj7Vn54aJbbW5gibDZYu38LhGLGSjccSxJRQ5NkuK,46,8714,2021-05-22 11:26:39.362277,97.31 %
B62qpFJeY8uiLwzhrmwFGthQS7yjZonyUACq32G4ULkZcRB9W3WVFgE,47,8713,2021-05-22 11:26:39.362277,97.30 %
B62qrcFgyk8u1NPaTvw9zZE1RVYGAeURojHds8WMjEpzHakU7BefkMf,48,8713,2021-05-22 11:26:39.362277,97.30 %
B62qn8JN3sLVja6GLETxWdnma3hXuUP2WfUARkcLfs8jWqW4FbuGuCU,49,8713,2021-05-22 11:26:39.362277,97.30 %
B62qpkF1Yrd1uQNLpun7d8k12ggHEXjXHknLCKh6Hom7Q3Ba3oZg3nb,50,8709,2021-05-22 11:26:39.362277,97.25 %
B62qoazqR1ag2hDwjkSSm6qV3eJtkiPvVPKhfVyeea7TehBAWu4dWJ5,51,8709,2021-05-22 11:26:39.362277,97.25 %
B62qp6qMf3Do4q4aKqEsLxVpVuXJaRCijtyhsjZBvDSEFUBGXg8Z9cs,52,8707,2021-05-22 11:26:39.362277,97.23 %
B62qrW1cezZ24Dn7DMdb7WPVVpCcE4s9BhYDDz49rWyVeMinHb18bg8,53,8707,2021-05-22 11:26:39.362277,97.23 %
B62qojbGyQY7zXAwezuZWw5HUAEdsF5JnMeCYZEB33uvUzpenuTQCSe,54,8706,2021-05-22 11:26:39.362277,97.22 %
B62qpL4ZdJw8dmaD3DJQvKG4Ewt82va36rYK7BkkKs2SnkxzVZR5oBk,55,8706,2021-05-22 11:26:39.362277,97.22 %
B62qk5RNZP2c4xbrefavDjRM9wLP63kFCVdd4TRKfmtKLXEimdDrKNX,56,8706,2021-05-22 11:26:39.362277,97.22 %
B62qrQiw9JhUumq457sMxicgQ94Z1WD9JChzJu19kBE8Szb5T8tcUAC,57,8705,2021-05-22 11:26:39.362277,97.21 %
B62qji8m9VLx6nomDdE8aiMokRfe7U4CM2wnbsVQjnuVKzjE4rscboL,58,8705,2021-05-22 11:26:39.362277,97.21 %
B62qp4jr1PgwK42Ah4HG2qNHigTw5riKFr6RprguAX6ms8ArDcdGv7a,59,8704,2021-05-22 11:26:39.362277,97.20 %
B62qmRG3THXszPjfJXDCk2MjDZqWLXMoVzyEWMPStEdfqhMe7GJaGxE,60,8703,2021-05-22 11:26:39.362277,97.19 %
B62qkDxbJZ1g7iER3Pv4Gid19m63wp5DKs7Jz7ELxVerWqWeBwrr2dT,61,8700,2021-05-22 11:26:39.362277,97.15 %
B62qpanxZjnQLtZHQfY8VGgCYyE29aDcG7BL2KwkQJbDzaSxwwZqT7i,62,8698,2021-05-22 11:26:39.362277,97.13 %
B62qnR2AHmcnyb7v3cVvuZWriEnArx7yMkXBcnzpFQXCmGxAAv4nJSV,63,8696,2021-05-22 11:26:39.362277,97.11 %
B62qoXQhp63oNsLSN9Dy7wcF3PzLmdBnnin2rTnNWLbpgF7diABciU6,64,8693,2021-05-22 11:26:39.362277,97.07 %
B62qptxgjmuegvWsWgtjsWGyADwm3xx4sSydnV3iVNJHqtoYnWfr429,65,8691,2021-05-22 11:26:39.362277,97.05 %
B62qpFW3CEiqiVi4bRpDKf7ZNq3qNUKbHKhxQ68EUQ8QeeK5pksZVsE,66,8690,2021-05-22 11:26:39.362277,97.04 %
B62qkHM9NT3nDefqUvSMe8qnfEfeXipqkzZrvoBXpfaC9m2BdYjWVJA,67,8687,2021-05-22 11:26:39.362277,97.01 %
B62qoERu6rA6UUxk6yNYN9CfrvXwNB7tBF94TQucZNRkabQNiDJoMiR,68,8685,2021-05-22 11:26:39.362277,96.98 %
B62qq1xGN57tke8jJ3EuJMgFmgWQRoip6kKoBsTuLxsGXVqQXMN5oVj,69,8683,2021-05-22 11:26:39.362277,96.96 %
B62qrfRjSn7Wz1JAyM66rd46Zcf37sWa9tobyXh9wfZubHEfozW3SAf,70,8676,2021-05-22 11:26:39.362277,96.88 %
B62qowREyBtVMpp8RVkbmfvZgxryNUzcJnRnH9LRs5xgAXkHhLyBEyz,71,8675,2021-05-22 11:26:39.362277,96.87 %
B62qmM9KDeqvu3TVpQStGJARgg7KppxE8UF3xMdtKV9TDc33kSUGug5,72,8674,2021-05-22 11:26:39.362277,96.86 %
B62qpwXadr3bwPsV5M7NSTZUGRaED3FPy4Ju517PqTZWWfjS8h2dy9K,73,8669,2021-05-22 11:26:39.362277,96.81 %
B62qpVUF5PXf7vh4eH8cZ3om3mp23bQJPDqwE2iB8BaE5ZUhaCJdU8L,74,8667,2021-05-22 11:26:39.362277,96.78 %
B62qrYveCMCW2tr5J8gu9T1rh817zsq7j8cjc9mHEecQS2tRMnoNTsy,75,8667,2021-05-22 11:26:39.362277,96.78 %
B62qkd9DEVB4G5AxN2siEXVCgs6VFigNCecmU4gTizTber4hHexwid1,76,8666,2021-05-22 11:26:39.362277,96.77 %
B62qijDC2gCTtcqYGnUAc9YgH2Uw4fzr8xEKKL4faZmWyAypgEe3oWC,77,8664,2021-05-22 11:26:39.362277,96.75 %
B62qq6ceNHCu9mSBvczmHS5JzHC4zw5U9KLALuwZPemeksx82AEfQSr,78,8652,2021-05-22 11:26:39.362277,96.62 %
B62qp7J9DJWb4y9BsXiixdRQLGvouFmrpyiv1fmF2vPSV1tXhWuTiyD,79,8652,2021-05-22 11:26:39.362277,96.62 %
B62qnzLZyeTiesV9EvUxUU2AHqyWfd7kAWEWL8QqJm5Uaadpmwafrj2,80,8646,2021-05-22 11:26:39.362277,96.55 %
B62qm4QbSnmQWM3x7SUiQeWAjb6iiooWNd8iaxtDvsne7YP4nC8Nh7f,81,8641,2021-05-22 11:26:39.362277,96.49 %
B62qriV8kQ9FzSRuFPXAjtZx8JcBhY5gmYkFd8VUxPVVSBpSb92V7T9,82,8626,2021-05-22 11:26:39.362277,96.33 %
B62qkbNu6GyDJ7uxXkfYQiVZHfomjtqN71sRcmt16Dg5VdjWBcuvJRK,83,8617,2021-05-22 11:26:39.362277,96.23 %
B62qjw2PdqLJYNTr6cNDXEmnc9FLNoaqVMHMqiTX7sqLYJRpd3mshFA,84,8603,2021-05-22 11:26:39.362277,96.07 %
B62qkqN9V4TQZWBCzPW7QiYh87CTUJBtVxUHze2cWxAUviZtwkWvZg6,85,8599,2021-05-22 11:26:39.362277,96.02 %
B62qnR6HKx34NCyDkSeRcJ44KATjUCs4xmQYDbwTXPJPQ4J6ebfeQe4,86,8587,2021-05-22 11:26:39.362277,95.89 %
B62qn9vwCUbefEmPsj6g29df18TmAQ2bSthrRFGvWG1jKDEbi2wJT15,87,8584,2021-05-22 11:26:39.362277,95.86 %
B62qrwBEB3tjGvjZNNr4h8N2iHGvcgRa6bb3V7Qs7Z15EZVWnyJBpXR,88,8583,2021-05-22 11:26:39.362277,95.85 %
B62qob1tGxx1BhychEzzah7yvdbRH3E7SNSTrEtkuSZzR2UBezMChg2,89,8581,2021-05-22 11:26:39.362277,95.82 %
B62qnYBehkVZzgJBCC5yhFyF2L7mMRPsVnKW2xpcWFVuQYRVgoqwDCS,90,8578,2021-05-22 11:26:39.362277,95.79 %
B62qix9vooX5NqJYo8nT6xWqCeQu5AJoS1ng6FRnUpVAra6PAZZ1CU4,91,8571,2021-05-22 11:26:39.362277,95.71 %
B62qmHktvgpH1Kbkato9MCWmH4TPKtHWc8DC4FhQCJ5TpuZ8CXazczB,92,8569,2021-05-22 11:26:39.362277,95.69 %
B62qjmUyv9D4GQ35RFSDrXjMqgFYW4VtDkuv1q8TnxosPqxSJcbdvzG,93,8562,2021-05-22 11:26:39.362277,95.61 %
B62qn7dN3hhEyqEYLG9Le1KwJpJfcJQXfiBoKiB7sZVrwYvT1NyRfDr,94,8555,2021-05-22 11:26:39.362277,95.53 %
B62qiWcbScnq9W9bhk4oLi53fyH5TL8WxzDG5cqMhbz4SUhz66v7izL,95,8551,2021-05-22 11:26:39.362277,95.49 %
B62qkoSio33qzxjsAuY4KVYmjw784KuyDSxbRL4d8UJaLXmdgVqb4N4,96,8547,2021-05-22 11:26:39.362277,95.44 %
B62qrQBarKiVK11xP943pMQxnmNrfYpT7hskHLWdFXbx2K1E9wR1Vdy,97,8546,2021-05-22 11:26:39.362277,95.43 %
B62qjBsp2zWgyrbaSqVMcduz7A5s1sT63epFUVGFRjCfjCzy3zwSVaq,98,8541,2021-05-22 11:26:39.362277,95.38 %
B62qrr1gkgYvVfRb9JjstCcjDTKYYXFM61dD7oqFaEjc5VkFvL8zWgr,99,8540,2021-05-22 11:26:39.362277,95.37 %
B62qrUXUnrc1tR1XN44eVaYVyw64MYD7p841LHsxzuMy6yERkbkzS87,100,8538,2021-05-22 11:26:39.362277,95.34 %
B62qqKCmTdo7JJS6hP2YsiMoXvkpo7rcK6EsxBns3etbQytnoY8b49C,101,8535,2021-05-22 11:26:39.362277,95.31 %
B62qnwfauXg2i7e1CYGdJjztyfdJ8CiESr37hzm5X5HJnYwp22rBpSD,102,8530,2021-05-22 11:26:39.362277,95.25 %
B62qqc3eKfNYpdRByoN4V3BTjoPRgacLrqtx4WkBQgnVcQ1MHSWTyWL,103,8528,2021-05-22 11:26:39.362277,95.23 %
B62qpdKVxef96UTWaEPEbGQ7FruwCSbEckDHDGtpAQqxUfDmHR725AV,104,8527,2021-05-22 11:26:39.362277,95.22 %
B62qkLn4YDsHjoiRus1G2HmUKUutGbQGTVEtRT6NKaB1RRMYCN2d6JM,105,8525,2021-05-22 11:26:39.362277,95.20 %
B62qpZTtpZL7QobzPX97h1f2CNFchXoXc4NJUZL1xdvNqTdwR5NCbkZ,106,8523,2021-05-22 11:26:39.362277,95.18 %
B62qr9jmNyuKG9Zhi1jENgPuswFRRDrkin3tP6D76qx8HNpjke5aUMs,107,8516,2021-05-22 11:26:39.362277,95.10 %
B62qpLST3UC1rpVT6SHfB7wqW2iQgiopFAGfrcovPgLjgfpDUN2LLeg,108,8504,2021-05-22 11:26:39.362277,94.96 %
B62qjodMvEfFUfs2ciXUekPF3f4ePhH3uRfwoRssh5hWF1Mr8xHjeEF,109,8487,2021-05-22 11:26:39.362277,94.77 %
B62qiZwdQ8Wdk8PuGtdCNzWrK49zmxLFWmogt2xXNS3y9eKS7o5qwxr,110,8483,2021-05-22 11:26:39.362277,94.73 %
B62qmpHMDeuGL1KAkneV1RTKMez2ZNcDUJKNAEZgweJna62xuJQ6Mqm,111,8460,2021-05-22 11:26:39.362277,94.47 %
B62qnVMHrtGPVRN3SrwyDzjbgBQhaFSgv16SAAFe5ddm2369KKzRn6d,112,8447,2021-05-22 11:26:39.362277,94.33 %
B62qrBRnUXvdMr8eGLBsmdpvFnndinDZMowqoMUYRJnmGKpdJv7TMRj,113,8434,2021-05-22 11:26:39.362277,94.18 %
B62qkHSAjmBUWhjqZ84GNX5rnWFyVfdtBtfeeKm2D6ANtdUvfFNWQac,114,8428,2021-05-22 11:26:39.362277,94.12 %
B62qjQ3k78nzaePyXhg298UEVnwbCeqQUcNwZRSR4VK1gVJ6mer6M8V,115,8426,2021-05-22 11:26:39.362277,94.09 %
B62qqpJCDYAFpFMgm1FSCwvY1E4r4EPmoH7bBJkuGsGJ3hm3cpFLGSE,116,8415,2021-05-22 11:26:39.362277,93.97 %
B62qkG8Z6EVvYEZCPcvtNTTguKLnYk8fSduR5q4sTvasCB5k9bqpDW1,117,8402,2021-05-22 11:26:39.362277,93.82 %
B62qkKecntugWPMLfArv8cQqQsTGU9NG7gUakJzAR1cFTfG19QTfzbD,118,8384,2021-05-22 11:26:39.362277,93.62 %
B62qnTahyoiqVSW9qbqiTBczA7n1wim9d7PYwGxWZP2s6mgwMn9AoGg,119,8378,2021-05-22 11:26:39.362277,93.56 %
B62qj3fTBMfpJvoHTXPiKymxQcHH674jynkqsRjUw1bR12t2VCrW8ch,120,8373,2021-05-22 11:26:39.362277,93.50 %
B62qp4Xg1zuAkTc1cyG8N2xQrujJaZ9uesm26Jy9sr2w65XUnNaGEEQ,121,8373,2021-05-22 11:26:39.362277,93.50 %
B62qmPATxsWneeArMm7h2JU5og1vJafP9Qt5VFmMunnGZVR2DTC6ztM,122,8365,2021-05-22 11:26:39.362277,93.41 %
B62qoJuLTSJt6fqkk2N2yntcPKSEb45C8HWKr24Wi7atzCzgeXjg5oN,123,8355,2021-05-22 11:26:39.362277,93.30 %
B62qqj1YzdmiHE43B3CYXbi6vU7o4x5ZiwVWnR2WQiUxfx1CNDHnzg4,124,8346,2021-05-22 11:26:39.362277,93.20 %
B62qphjuHHaPY37THFRMYRQsVCf1JgEE6k512cV3S4RmkmdutMhzZmr,125,8299,2021-05-22 11:26:39.362277,92.67 %
B62qrE1TgV5jegA2rn32gi7FkHbFSvo2xRxKwhYykAiAsLy7ib7Uwnc,126,8282,2021-05-22 11:26:39.362277,92.48 %
B62qpYmDbDJAyADVkJzydoz7QeZy1ZTiWeH1LSuyMxXezvu5mAQi53U,127,8259,2021-05-22 11:26:39.362277,92.23 %
B62qqJXzVcb63kE6zFEXJn2GsQ4DTjygTE3ymjYSsyHRt61qVoUBZyr,128,8252,2021-05-22 11:26:39.362277,92.15 %
B62qm5ESJuFWe5JypXPQMyuw2BzkVXGHFgNBgeuvBnfiLKRaqYRW6rX,129,8246,2021-05-22 11:26:39.362277,92.08 %
B62qkEHwUWrwMiToMX7fnRVtaET75RiFHvkFhd9up9bJhneipecEBx1,130,8214,2021-05-22 11:26:39.362277,91.73 %
B62qjcPuh2BcHqKMFEsUAshFRVvDn2V9xVrrRpn9Szarx63NBmehJPP,131,8210,2021-05-22 11:26:39.362277,91.68 %
B62qoDCpSv1cmWiXgYvDud8L4dk5oTwC9JkyXyz9b13j5uFKiEFjv9D,132,8207,2021-05-22 11:26:39.362277,91.65 %
B62qmHTypp7EXGMJnZXYRpHEmRGyZCTpDgjSmkpmQa66GQqR6eaGode,133,8190,2021-05-22 11:26:39.362277,91.46 %
B62qpEMj7NwUbeWyyPrPUHtJDqJb1RkPxJtm6JxHrXUKDFMgJYp1zzT,134,8169,2021-05-22 11:26:39.362277,91.22 %
B62qoKueAUixdjxSokbUN6LeKRZoXMHEhU6nD1zpZ5EDh7zNTaDQeNK,135,8150,2021-05-22 11:26:39.362277,91.01 %
B62qmMkbajiY3bdVRjv5bx3yxjp5sBHHQuu8M11sDdjtBy5VdgWdgTr,136,8148,2021-05-22 11:26:39.362277,90.99 %
B62qqvN7pFGTSzQgmwgxVV3nCAjQSE1mTpwHfQabpM3kZvKhYbhTRbC,137,8133,2021-05-22 11:26:39.362277,90.82 %
B62qjaE41RVyhm1mcLNUwdpBJPSSYAr6MvfnWKCrmEfPz5BPRDj4GSQ,138,8107,2021-05-22 11:26:39.362277,90.53 %
B62qm6LvKxET3xCAW5JdNWAekCjyJJFxJdYYNcpGNwvhe15yyddYife,139,8098,2021-05-22 11:26:39.362277,90.43 %
B62qnGfRHkjXCF25AguH3EUJZzDNXv4xrFM9Z1Kd9a85FovbR25js1y,140,8087,2021-05-22 11:26:39.362277,90.31 %
B62qs2P91UjdhngetBJ57C56HQ8t5V7ECAYWBvpkaC45ovXNgnzqfG6,141,8068,2021-05-22 11:26:39.362277,90.09 %
B62qq3Lg31BG99W3DfpUNUr78UYhxUEEQdjSURViWhopsNHPUZy5CqA,142,8068,2021-05-22 11:26:39.362277,90.09 %
B62qkXeeeerxc4YMtV8qBki2bTQc5KBZ5CCZk85xsjTBh2iEQ2PJmce,143,7980,2021-05-22 11:26:39.362277,89.11 %
B62qmQ4pFXU4tyNwdzMY7uCdrALptYp8SnthWJMqPPA3FgmxebY3H2P,144,7971,2021-05-22 11:26:39.362277,89.01 %
B62qktmhyar5294GEBpPfgYrSEBxkAcn52273bdR4CiGELoVpLtaC6c,145,7952,2021-05-22 11:26:39.362277,88.80 %
B62qpzciXjUdvgsKcstj1jKLnyPCtWFFuvtwr54xakf7tRucz3CgHB7,146,7836,2021-05-22 11:26:39.362277,87.50 %
B62qim7EVe62u3wDsGzAZEMGMaEuwSXYWTCH1WsNvWFgfvz7ysggDxf,147,7793,2021-05-22 11:26:39.362277,87.02 %
B62qoi7wVz5NDCYa37usdATKcvMVcbtXYLjn3KiELXSEsG7XcbifC3q,148,7639,2021-05-22 11:26:39.362277,85.30 %
B62qqch9XkiTS8BLUDSM1sayfXNAtnYnQFChktYG1bfCJkDMUqs98Xr,149,7632,2021-05-22 11:26:39.362277,85.23 %
B62qrVGh6mx3DQBmXobnWidM265mxSD3aisVjR7c9KMyZV5FfXqywST,150,7590,2021-05-22 11:26:39.362277,84.76 %
B62qqvZh85mfqj7mFhKfDnC1n6aCxw8Ey876Vw2z4E4tnCkRpcHTJ7b,151,7567,2021-05-22 11:26:39.362277,84.50 %
B62qoVopcNoQPFydweGWUBnJJbrokkebVDiWGmAzYoaLysrFfzNCbya,152,7547,2021-05-22 11:26:39.362277,84.28 %
B62qrAWZFqvgJbfU95t1owLAMKtsDTAGgSZzsBJYUzeQZ7dQNMmG5vw,153,7516,2021-05-22 11:26:39.362277,83.93 %
B62qoWcd3dUzbjMHTdpjf5Us88x1otEoJmhSVRX7FXf1Dx1zT5Hp3ZC,154,7472,2021-05-22 11:26:39.362277,83.44 %
B62qpGnZs3EZ8eYuxn8ANNwcexMhYqjjSLKBer8KhsviXGdEDwi63St,155,7418,2021-05-22 11:26:39.362277,82.84 %
B62qkxMXa9JorkHdS1iinLn5WwMV4dgn3HT63osBoFgQHYoah1MdzKw,156,7411,2021-05-22 11:26:39.362277,82.76 %
B62qk2ujo9BoBxCs9BFQUsv3efaJDzbJeLs4YJdZMJzJoVj69ShVdKs,157,7410,2021-05-22 11:26:39.362277,82.75 %
B62qrzoBfFuUxJg2YvcBkBnziVtAPziP5uAPcCPpQZgtjE4LTxXvVSJ,158,7214,2021-05-22 11:26:39.362277,80.56 %
B62qqy7DHHzo4ryzUYdycH9jNaPYGj1vMUPZxQ2VwSq134EjHKeYiGt,159,7151,2021-05-22 11:26:39.362277,79.85 %
B62qocWXdgZV7hC7bDVbLvM2fAKZTFjVoqVP3ppJhpgeUV37Qem4PSs,160,7147,2021-05-22 11:26:39.362277,79.81 %
B62qmLRLxC5Fx3cRmHDwKGq6psCbmXAYE1UsS4Z1foqrXCTtJuvTbbL,161,7136,2021-05-22 11:26:39.362277,79.69 %
B62qp6HmxzW5XXwCMiyZiJREoJ4b7omkNuCJiThVLNM1P3u1s1a3qzp,162,7111,2021-05-22 11:26:39.362277,79.41 %
B62qpsMTL1mTaQUQUTQzVM1qvyGTCLVAhr8whJc7tUfmnPEuZnanzUe,163,7096,2021-05-22 11:26:39.362277,79.24 %
B62qrJ6V72vUoqTnJUsXwBFbCU2cCk42To4mmRRY19NiGMZqJuYLLJP,164,7024,2021-05-22 11:26:39.362277,78.44 %
B62qn7HrKKt5ia1dvGYHuvuFGLdwNSXUSAERQgvS2yZbZvVaK5biQef,165,6968,2021-05-22 11:26:39.362277,77.81 %
B62qn1jcWzM2h1f2HjLku6hjS5dAJ4pgjRaV3PzEHBbPTNtqKafsdhR,166,6923,2021-05-22 11:26:39.362277,77.31 %
B62qjYFuUkb1D8xgwdADbiZ6UUr6KA6x61BzzE1K9sgemawDbytmjTb,167,6905,2021-05-22 11:26:39.362277,77.11 %
B62qj4b3yw7bqZd2AKqYFedyL6sx4fF6GgCkzG7QWz394nPMN4EKLv1,168,6814,2021-05-22 11:26:39.362277,76.09 %
B62qnAZCj1kbyDHpxo6Lm9yM2FqMj4ffJTQzJeiPhgkzpEw1S33caCZ,169,6788,2021-05-22 11:26:39.362277,75.80 %
B62qik2auL1VbkX6fijdzwT6fGgjpi8caKUH6vbov573DbdT2UbQkDp,170,6719,2021-05-22 11:26:39.362277,75.03 %
B62qoWWs3NfAPtVKRnZF96gEF3MWbptg9bzC254AQNswpk9WwTFkjS4,171,6707,2021-05-22 11:26:39.362277,74.90 %
B62qorXXHv971Kvnq91TkvWsRAvMCB8yszCX6yUhpyZseKcibSZSDSF,172,6485,2021-05-22 11:26:39.362277,72.42 %
B62qov9yv8TayLteD6SDXvxyYtmn3KkUoozAbs47fVo9JZSpcynbzTz,173,6479,2021-05-22 11:26:39.362277,72.35 %
B62qnvzUAvwnAiK3eMVQooshDA5AmEF9jKRrUTt5cwbCvVFiF47vdqp,174,6454,2021-05-22 11:26:39.362277,72.07 %
B62qqD9f8CGy5QeFj1h3nsit3Zp2GDBntjEoVCdfj4SPQuubRW1CYXp,175,6297,2021-05-22 11:26:39.362277,70.32 %
B62qjok2BD2jB6TArVM1oGDSo16xk1SYGzTwZSjx63WbtZy4BuzPBDj,176,6260,2021-05-22 11:26:39.362277,69.91 %
B62qriA1rqpkBS338FEgr3Gd8jL1tqxj6d1Vgtr5WH9n4YRBLrstE9D,177,6151,2021-05-22 11:26:39.362277,68.69 %
B62qkxZba8d9MWL9nXRvMaGJXESxHbkLhfogtqsCXKs8ueSZkhJNboQ,178,6147,2021-05-22 11:26:39.362277,68.64 %
B62qj8KB2fk59NkV4VuoTkVXHjw8VJzC3ybKrWo7zuDC9xTiWXPygEe,179,6023,2021-05-22 11:26:39.362277,67.26 %
B62qp8PCgNSzawdhooGXPQhULtZ4yhNzMb4UVSd3sTLz5tR8Btdtqn5,180,5920,2021-05-22 11:26:39.362277,66.11 %
B62qoo7juS8X4i59TJ2iV4p7ogHqBwwuMC9VfsQFSNjZgZpNmGw58dJ,181,5853,2021-05-22 11:26:39.362277,65.36 %
B62qnGLiPNy2WEC2QRxJq4neyPKScUnQNEV4pRaMgYkgf8PcCKb55y7,182,5841,2021-05-22 11:26:39.362277,65.23 %
B62qnd1rPUp4aBpjVjCJ3XLXk64WxuM9ff3UkfZoRCkBF8vcyFnXNTs,183,5742,2021-05-22 11:26:39.362277,64.12 %
B62qixi4dP7DcKdTNcK8jobtv9qKFjxf7ZgZVoQcJXVXkeAULe3hT5E,184,5732,2021-05-22 11:26:39.362277,64.01 %
B62qjXTW7dMAWwRTnJD4U8HwN4ii5t17UnGANbhtzenJTBWSDESbQEw,185,5703,2021-05-22 11:26:39.362277,63.69 %
B62qrQ4m3KNeNBsC86AW1vyXxEs32NbG2pDA2mdvCq5erxLqftVyZTj,186,5670,2021-05-22 11:26:39.362277,63.32 %
B62qjWwDxk5nGMXN32ffuMpMSp3wPa7BLB3AXHH5EYiczcRxDTF9uP4,187,5565,2021-05-22 11:26:39.362277,62.14 %
B62qqK6M9q1eE8MNnmeGytCUhgY3nq83hMxstjtcyqiEGuNMTvjNDHW,188,5471,2021-05-22 11:26:39.362277,61.09 %
B62qjgMVvo1JTaG6u1pBFNzvPGivGTUeq6TtbauypeVybojD5JdWjvW,189,5365,2021-05-22 11:26:39.362277,59.91 %
B62qr2mdhKQAJb3nSwHJsvubaexz6S41PHTtuDbvqCgp7d6Wx9C4A5z,190,5311,2021-05-22 11:26:39.362277,59.31 %
B62qngGSkaZCutEntH6Qu7V2g7waodEDfjars9VRf591oAxvpUW9Mzd,191,5267,2021-05-22 11:26:39.362277,58.82 %
B62qrPLQL66L4BKeCFeypQHcAmKCcjtEr765o78xUJE335puxC9NViD,192,5111,2021-05-22 11:26:39.362277,57.07 %
B62qqhZioGPLYePnwCFUqQd7WoHu3TTmZVAvwoh61xnC6VcWNqLMsCp,193,5108,2021-05-22 11:26:39.362277,57.04 %
B62qjp6bK1jLdWVUXvnrhKmfuAuvLSMtCyysKEKVxewrL315BSPeMP7,194,4990,2021-05-22 11:26:39.362277,55.72 %
B62qq6ZYPG5JsjZnGJ3pADmRn6hU6qy13EhraTSymjSgyEDwoDR9Gd6,195,4990,2021-05-22 11:26:39.362277,55.72 %
B62qjqtLRExnb2fyMiBpv6nC1ckGuBrCY9mXtTTcf5x7GD3CG6sU3Ad,196,4933,2021-05-22 11:26:39.362277,55.09 %
B62qmXMMTUuKDEwY4THkgX6fvDtujGNP3FMdiaWwSHkMsMM9NzwPXZ1,197,4914,2021-05-22 11:26:39.362277,54.87 %
B62qmcoErjsDd1XNsxpjPC7GUDYug7ersa9f2Si4jdD9Yom9N8z6578,198,4834,2021-05-22 11:26:39.362277,53.98 %
B62qnvKLdq3j46nuQML7govR1gNqfBjHtv86FzmfrAU9NPGd9BSzooh,199,4803,2021-05-22 11:26:39.362277,53.63 %
B62qjmReWEeTVAM9btVNBvzs4XPod6SkCAw73t1pJnLddrUg1cP6FaP,200,4752,2021-05-22 11:26:39.362277,53.07 %
B62qpaqLZv6tca6KytUsgkBoQxCRc7cMRVkVYCWjyUFGegS9cwD676v,201,4733,2021-05-22 11:26:39.362277,52.85 %
B62qqaGu2Hz6122My8Ddxj5WPgQd1tVLmXXJioxa7Wm5m5VJPzoZdhc,202,4710,2021-05-22 11:26:39.362277,52.60 %
B62qkueeFHtVMTKbwr13eWEMZmW5gYgeKZiGoAJM1qTs6oxAZKiNJTT,203,4571,2021-05-22 11:26:39.362277,51.04 %
B62qnUwCFGxywYr6rxq9Zgktbm3Jc5hdTChnwbjM2goJ4XLctZXWwp9,204,4569,2021-05-22 11:26:39.362277,51.02 %
B62qpLeuZDL7PxNsCqsJwWFPAmnixi5ay8Kz9NcNGBQU8jK19VpJQaY,205,4567,2021-05-22 11:26:39.362277,51.00 %
B62qkXQoFvTuTH7ARfihY8XmsUi5AfCpZgjmeQnf7bj81oTdT4GCsh9,206,4523,2021-05-22 11:26:39.362277,50.51 %
B62qpXqPzauUXLnsAQFnYHMCiV9pRqG2wqbJ4pL936SVANHa66zkkQj,207,4378,2021-05-22 11:26:39.362277,48.89 %
B62qmdsqUB7b3GYTWmCTGSioxMKeSesj4JrcRQRmmPRqwTtTo6xdYDz,208,4362,2021-05-22 11:26:39.362277,48.71 %
B62qrafvvcSTkGMpFiprxzDN8JXqoiyHSUQwUsKbRqrvTK1khb1HJyC,209,4353,2021-05-22 11:26:39.362277,48.61 %
B62qmTYWQUM5V1r9HT5wVPVYgWpotezECEgciGAXJFFGJKzNZpzH3Fz,210,4306,2021-05-22 11:26:39.362277,48.08 %
B62qr35VemrmyyCyZaF7buCDvmhvyGZyxVcvJkEikGKruB5KLxgLNv9,211,4223,2021-05-22 11:26:39.362277,47.16 %
B62qqyvaakwp9QM8FUt1nT3aEXELZjZAJbTTqf5HJz4Mjy1cFQfBVww,212,4209,2021-05-22 11:26:39.362277,47.00 %
B62qrcpCwQNeFJvUru1fdVBWCfTWae6n7WcAacgxKE7W5gKAXyTV8yv,213,4065,2021-05-22 11:26:39.362277,45.39 %
B62qrLFnh5BWLjHmsnrX9ABW9QVRDe237VKXQ3EobeXDqsLyY2iQD9g,214,4023,2021-05-22 11:26:39.362277,44.92 %
B62qqgLQoPgy9YzsVKwB1KBuyB62TiQJYawDubnhf5gewKJo9qrKdnG,215,4001,2021-05-22 11:26:39.362277,44.68 %
B62qmHXHN1torRGxgZGYMLuUJ15mdAmAAaf9F6SZXBHSwPEEaH2wq3a,216,3999,2021-05-22 11:26:39.362277,44.66 %
B62qkdJ8Gh1BkhsA286W9hQY2Nckfy3yFPZE1HSwnp3ZsRe9G7UfCQJ,217,3868,2021-05-22 11:26:39.362277,43.19 %
B62qpzWppkJex4Hx7Y6rSq8yH9JMaGc8R1b3nkSjH3mk3aYKNyX6DKW,218,3864,2021-05-22 11:26:39.362277,43.15 %
B62qiwgNcH1uw76xgqJMb4V1nuD91qbxrQGWay96u9TBkgPb4HxRJeX,219,3851,2021-05-22 11:26:39.362277,43.00 %
B62qqSvXBa1cdTsARTVZrnJreCDdEy162q7axsf3QfjWzZCKfrU6JoM,220,3809,2021-05-22 11:26:39.362277,42.53 %
B62qoahjAyUBNcXBn8HTb7Rk48sBzfZnjDa592MqjCnMXeWpFkGS6zJ,221,3745,2021-05-22 11:26:39.362277,41.82 %
B62qrcQDeAfg2qSnZhdF8wQ78G9QmKNDqpESVt2SL43F97kF3Cyv32a,222,3733,2021-05-22 11:26:39.362277,41.69 %
B62qrV2oyYf84jZbQHdqH2TyUndafsL134WMpf5yDafmQ6ZGMxUiTmF,223,3714,2021-05-22 11:26:39.362277,41.47 %
B62qqoBaTeqq6K5kpPEBh22HHq2BJ3ukegb4csDDoyoaFzdpgKLidYS,224,3707,2021-05-22 11:26:39.362277,41.40 %
B62qjwAoLA1iT82EQQidZDDovQND5PeJtmcZXq7USbNDGEqgYnBbKam,225,3683,2021-05-22 11:26:39.362277,41.13 %
B62qnWoaKTphJw86hzvBWckm9S1t5iGcybhRD5M9c8G8rCYxTTwALCx,226,3647,2021-05-22 11:26:39.362277,40.73 %
B62qrHzjcZbYSsrcXVgGko7go1DzSEBfdQGPon5X4LEGExtNJZA4ECj,227,3631,2021-05-22 11:26:39.362277,40.55 %
B62qrawWiZbmyrJaB94CVpi8Fmd3Lxw5m3tbXo97hKJkZPkn4dHe6G8,228,3620,2021-05-22 11:26:39.362277,40.42 %
B62qnE1JLRhrYRoqvuwkCdNui1LpcRj5H29FptwbUQvau7xNMEAcaf5,229,3555,2021-05-22 11:26:39.362277,39.70 %
B62qmo7V7vxx2UdVgnmznQDCkqAnxNQ2kkxfuRgqvRrCEMBgJT1jB1G,230,3520,2021-05-22 11:26:39.362277,39.31 %
B62qmPxwf3FTtb62toALY6k6q4HiCWJCUGP8xyxpDFsgwhFCnHBEQvp,231,3468,2021-05-22 11:26:39.362277,38.73 %
B62qpgrCAbHRjU5UxmGp4VHx7NLqCN3NyNqtrwTMPDFuc9kshBmSUUf,232,3465,2021-05-22 11:26:39.362277,38.69 %
B62qpUXyywHB2yRbgwEfmoUSh3KwN66W8a8QoXqpoTiHJkoQMcgJXbu,233,3463,2021-05-22 11:26:39.362277,38.67 %
B62qo5tnoVeYMWW7EwNHCeUVvBU6ffxog6zJa9CZemj3XBL3adbrQTp,234,3458,2021-05-22 11:26:39.362277,38.62 %
B62qne38nSn1gwHkAn9vPN5SZntgXg3cM5pfuad1zQxFRuvAQmKkGTi,235,3457,2021-05-22 11:26:39.362277,38.60 %
B62qrRVMpryecmWaStfobX2dxRLuWxsbd54jfjZm9DAdBycDic8Ef3h,236,3419,2021-05-22 11:26:39.362277,38.18 %
B62qp89J68LeMpMjZC4aLCz6ezbzbmHqVDo21eFsqjJ6QFv8oohdfkK,237,3413,2021-05-22 11:26:39.362277,38.11 %
B62qjs5cKSTBgFtdwGg5kToxsyCZ12G5qLjqYCmQang8tmmSwHrwGvc,238,3285,2021-05-22 11:26:39.362277,36.68 %
B62qrLf5xV1fdE2RikXzzogaJYhPmWMf75GGSpJSG2yLiE3nM24C2Nd,239,3146,2021-05-22 11:26:39.362277,35.13 %
B62qmrsFZNeW2ReoHpTafy9hy1oNw12UuR1UdGJEUqTuFZ3LPVccDTA,240,3006,2021-05-22 11:26:39.362277,33.57 %
B62qopHVr6nGCsQgrvsBsoxDm1E5CEdMkDSN3jneRnxKpR5iiXnTbas,241,2974,2021-05-22 11:26:39.362277,33.21 %
B62qr61ij8ZPW5BX6GMs4UNW1Ry29Cjbn2Z2LVyLkGJH3JgXJwx2jiC,242,2914,2021-05-22 11:26:39.362277,32.54 %
B62qipA4mZXjXaKHv6GSakqhjpoAa9wZnAKV5X4HyFyy6vz6aqCNYeD,243,2899,2021-05-22 11:26:39.362277,32.37 %
B62qjw8HBV8mb1qsvZSA3x4JwyJp5SG2P3cdmNXSUmUhLkzmXi8H2yL,244,2868,2021-05-22 11:26:39.362277,32.03 %
B62qni2bXsMfr4HnT1RSYob5x6Cz2rP1zUr3sKuMSqrqt9jtJR3se4y,245,2841,2021-05-22 11:26:39.362277,31.73 %
B62qqhHs5hGXumEBYSAbKvC5edPKT6aUzf6XFRsANWq1XHwpJguYosx,246,2812,2021-05-22 11:26:39.362277,31.40 %
B62qo8no6zXZa68SmhqtwtSoKtztQ35oT9S6maRPocuu6jkBr7JWMJg,247,2805,2021-05-22 11:26:39.362277,31.32 %
B62qnd9auTHm61nXmLBLtUJsX2KhMusY87TkGt2cMBM4CP9g8NH6Zw7,248,2801,2021-05-22 11:26:39.362277,31.28 %
B62qmNBDmw5SHf5j76hws5yUJnWxuoLJLo18qKf1AbLEe2bxSBBqSDz,249,2651,2021-05-22 11:26:39.362277,29.60 %
B62qkkAapgA9T5CqRDNM5X5xPuceWsZNdVYDKc3MgMyBvdjivTLDmvy,250,2645,2021-05-22 11:26:39.362277,29.54 %
B62qnsWWJEU7U7XFNLtqH4bKZAMcPK9mr5CeohEuufkV1fT3wgNSV1T,251,2624,2021-05-22 11:26:39.362277,29.30 %
B62qj7tJG5rxdy1hxo2tPo8xJGN3qDHwQdPqq7UMH6xGfhyfUikyKV8,252,2549,2021-05-22 11:26:39.362277,28.46 %
B62qmNM9wRYRw5MdFfjwHCC8egn6aYayeuhVy4fpqFpahb1Zo1Rz3xn,253,2515,2021-05-22 11:26:39.362277,28.08 %
B62qnxHx2ZXjZut1BnpCRiLinjQxH6yLgwGgB5VyuQYWdeum9p3kE3b,254,2505,2021-05-22 11:26:39.362277,27.97 %
B62qrHQbB4jYT1oCtbX3V37GvMSwPSw6oYmYFPYnjYNLdc7rpSdkERD,255,2449,2021-05-22 11:26:39.362277,27.35 %
B62qkAJ1fTysBUA7ZDkCn11H1Uj5yRwqK9SyQkrPrX7egeKzWVT9VbK,256,2439,2021-05-22 11:26:39.362277,27.24 %
B62qrPbHUhxVqe17VwkzTyUmEsFwVry8geJEb7zfBVa8kocYAs2j4nn,257,2432,2021-05-22 11:26:39.362277,27.16 %
B62qnoQLkdjimCnRMsFZMA1GSgLA8HZGzBKxLsVWjRoHdtipcqmH9Bw,258,2373,2021-05-22 11:26:39.362277,26.50 %
B62qpuNrv6pWhSyvkh3mCQQw2WcjEVRFnyGJGcw8QBZ7BexRCmgR8vw,259,2360,2021-05-22 11:26:39.362277,26.35 %
B62qjqYBrf5erL4LHSapiuvcX9TMLCVqCuyzYYGC2sGZfKxt8tQ67Vz,260,2338,2021-05-22 11:26:39.362277,26.11 %
B62qrXynZY4AKszEybHwcx1r9BkrroueBU6nGc2idCHnw5tQEjvpAHi,261,2320,2021-05-22 11:26:39.362277,25.91 %
B62qpvsSnPVqGLX77eVhgRPaEzpk7YB2DDDsyMDAXsWhREbjS64HJp7,262,2314,2021-05-22 11:26:39.362277,25.84 %
B62qig6vbNg3u4dXZccqrSiXiwhomUKKWcvqTnJA4ANy4aUh1Kgd99u,263,2298,2021-05-22 11:26:39.362277,25.66 %
B62qid146JcZD6eSrDt2p9iqrQC6eTxRxYB5HUyg5XpTezsqP73WWRR,264,2228,2021-05-22 11:26:39.362277,24.88 %
B62qrYD5oqNfvrFP84wcgEx31bSDCib2yyx4S7oy1ZQfB7YuhpPeykL,265,2222,2021-05-22 11:26:39.362277,24.81 %
B62qoSTXoK57i8UQ8RecMv592EkTjNQcSWpyVvJ6Ck6xgpBzvUFc6CG,266,2193,2021-05-22 11:26:39.362277,24.49 %
B62qmiJsasogL3iTj2HhSE5AyhN3y5x2GYuvccCBdT1xYB2bpuSHL2P,267,2183,2021-05-22 11:26:39.362277,24.38 %
B62qkQCXhzstenWTCwbGqRgdvivBQEE2WDNRWLRo4gAXcnkQKZ1FAta,268,2170,2021-05-22 11:26:39.362277,24.23 %
B62qn9Xw7796dqjdmPRxzj9BHKjUwtGwovYpWXZ4EsSADVJrBee2pxd,269,2141,2021-05-22 11:26:39.362277,23.91 %
B62qj5W8VBtyVC9j5cgGC3NTXGnQzZt5VYBCc7kMC3jDYciuiXYAngW,270,2094,2021-05-22 11:26:39.362277,23.38 %
B62qmaFPrKeCUSQnQVF1ktEVHjiNaLmu846sM7X3XnZiz6VJDrt4bUq,271,2080,2021-05-22 11:26:39.362277,23.23 %
B62qoD2opNvtWtXYL35pXGrMpnWoSfZmhxLJpC7gpoh3hD9X3LA7B3j,272,2065,2021-05-22 11:26:39.362277,23.06 %
B62qqoxMkEPB2c6idJs9crDb3Buezbph3xsnvm8pQyfwRKv5B5TXhoP,273,2024,2021-05-22 11:26:39.362277,22.60 %
B62qrvWNDUE6HraKjMNFDEZ8eYYaiTCF75CVNUXMsL7DTs4DYjfsmEe,274,1998,2021-05-22 11:26:39.362277,22.31 %
B62qrJowiiRAYWQUrhyieAdFuDJgQ2MoyCqTzotP2ECRVptb63f7bG3,275,1994,2021-05-22 11:26:39.362277,22.27 %
B62qr6SB6kaJAmAiRrWkFoHN9htKh2j7H7UZ3uyTGxtkMXqNqhTEZX1,276,1991,2021-05-22 11:26:39.362277,22.23 %
B62qoa1oVv1uEUUPyPHDc4NHxSb3Lw3XEV7GPcwwuYd3vVSmVV9Jo9P,277,1976,2021-05-22 11:26:39.362277,22.07 %
B62qmQ5ufDZUTz8tm1GVQvmNrn4Don4hXPJ5GFMJpP8VEXkHJCZ9ySW,278,1971,2021-05-22 11:26:39.362277,22.01 %
B62qo3iHrCUfCtxQU9hcHT5kehJsQB32fE6JwMAadSMML8Cg4eTPBpe,279,1971,2021-05-22 11:26:39.362277,22.01 %
B62qpM6uZJgwBf6ahjkYNMD5aJEt3LBHe3wRkNHD5LoxR5EHPKV9zwN,280,1924,2021-05-22 11:26:39.362277,21.49 %
B62qrqVYXRsroeuX7oTLSXEsXg6DziGL1LmJJ4TER4X9rSQHsYBobMn,281,1907,2021-05-22 11:26:39.362277,21.30 %
B62qpNGqChEZYrfDin4vbATAWSQwr8DsRiUSmSNg7jPTPTZXz5GcQLa,282,1839,2021-05-22 11:26:39.362277,20.54 %
B62qqTGc21K1mJo9adVuKwRddiUD5cQxocu2BxaahQGfrQzvWBc7UYv,283,1814,2021-05-22 11:26:39.362277,20.26 %
B62qkkPvTLfyypaVtMNGCiUVfL3Dx2VSZh9R9skGLSDX21yiPBWsX9G,284,1785,2021-05-22 11:26:39.362277,19.93 %
B62qjXYpwjkc45gw6FDk5E4XuL8BB7UxyWH5amUUg4k61bzk1YGHhRh,285,1784,2021-05-22 11:26:39.362277,19.92 %
B62qqENbqWFMAmfH4Vb1xWKJ6v7nLwZbBpPbagUWZzEyGaELPsZDNmy,286,1773,2021-05-22 11:26:39.362277,19.80 %
B62qpsyB3gCndt8sNz4GRwusBtg9U72TNiL4mxmcQfWKZ5noa9fFnWr,287,1769,2021-05-22 11:26:39.362277,19.75 %
B62qooos8xGyqtJGpT7eaoyGrABCf4vcAnzCtxPLNrf26M7FwAxHg1i,288,1723,2021-05-22 11:26:39.362277,19.24 %
B62qjkP9YTQpra5p4ujQ5AYQ9hHxgAmbNTTtwrLSoV5Ewe1vejY2jwe,289,1709,2021-05-22 11:26:39.362277,19.08 %
B62qkBLr1DPC5bv9P2HKaewmekeT5TFA96dcLf5SMe3iL8rTNe9kKBN,290,1655,2021-05-22 11:26:39.362277,18.48 %
B62qojCVaJ3dKYgBUieccF3A3qzVEotn4Qd5k4tNU8QPNgVhZTpLwit,291,1620,2021-05-22 11:26:39.362277,18.09 %
B62qipZRLd721ajkGwx2cHSpXoAzivYdZvesSBfN4GZmBCExUoBgAnB,292,1618,2021-05-22 11:26:39.362277,18.07 %
B62qjRxjfaRVgoqq1EqGMLadeSfKWCVjkRev9rttaTaLirjxs1atU2S,293,1578,2021-05-22 11:26:39.362277,17.62 %
B62qkGT3VBaGQRKfJVhyYf3ydcd6GeX6QKUWrD5vR51c1mLbCV4aDju,294,1577,2021-05-22 11:26:39.362277,17.61 %
B62qkpma8whukuHBYjqJy4qNq2KoADVoyxccrkHDcw7332ifwGSVL56,295,1558,2021-05-22 11:26:39.362277,17.40 %
B62qpPsUkaaWC2VPzY9MBnQtUxYRFCCKHf9uXTZri4duUXGb3F3tmX6,296,1517,2021-05-22 11:26:39.362277,16.94 %
B62qrJreRSCNusj6uYVanrFESuaaBu13Ri44djV6k7HkYNcarKEJBKu,297,1511,2021-05-22 11:26:39.362277,16.87 %
B62qnVc2wA9CWnragB64ztC3tjSt26CVUmZVVyhvqnNEsLza1Esd8KD,298,1506,2021-05-22 11:26:39.362277,16.82 %
B62qnX6nQQuYzgvuvqdxsUpTdrJfXYcGg4CYweeETcRRJ5thVWcDNWm,299,1493,2021-05-22 11:26:39.362277,16.67 %
B62qndKKWw8NwfxbiQBu9u2hrDr2bRZtULC9zNs9R7SC9k47yGZQZ2d,300,1473,2021-05-22 11:26:39.362277,16.45 %
B62qqFesd9ExYwdYqJMcJERPkHoYcSuzsJmb45DJRw5UdsUV4qKvnmP,301,1443,2021-05-22 11:26:39.362277,16.11 %
B62qpuj3Gd7ttM7VD73phKsHydNtDEVJBzGzZNcBMDvp84jHhxHE4T2,302,1423,2021-05-22 11:26:39.362277,15.89 %
B62qrnPdz8HpsDJfGHirDLpVrN2VeyeitdaTKBaccWtHpeVW9Hgwi75,303,1417,2021-05-22 11:26:39.362277,15.82 %
B62qpy8BMXe3tYsFeaTPRNW6yoG8jqaZfqreBXsaDGJ67Cxptn44dSh,304,1398,2021-05-22 11:26:39.362277,15.61 %
B62qo4saj3j5NtLaGHkEV8943eRBuVJJULGmRr9mrfp3tBhdrPLSdH5,305,1390,2021-05-22 11:26:39.362277,15.52 %
B62qnVcbfXr8E47LbyEJ8bYUstdSZ6W8T5aEggM3L12JbVVu4P7nBiv,306,1380,2021-05-22 11:26:39.362277,15.41 %
B62qnZP43nGBLuPDSoNrkWYjWM8FLErG9detdjXwLsHwTUyCo2LyoBe,307,1347,2021-05-22 11:26:39.362277,15.04 %
B62qpKmgwvjEk5HEhMzPaU6Jc1cXm3uPZEqfRdSRkoiYSjohJunapTY,308,1260,2021-05-22 11:26:39.362277,14.07 %
B62qnw28YA69bYkQmcw1nyHHvrTEstpanBkMLjDZyjJE6x53CZ5KmUh,309,1215,2021-05-22 11:26:39.362277,13.57 %
B62qnGf7CGY4iqAfudH1Z47NSeAjFnR9CUUP9mx5zgz2baYHGugmAVd,310,1205,2021-05-22 11:26:39.362277,13.46 %
B62qpNRrR31Z4VGxwNYBnaHsptu15GRScjFnkMcWn3s9mtb3VLt2i1b,311,1194,2021-05-22 11:26:39.362277,13.33 %
B62qoQzP5tqAtqvo8n8jfa12shkWgnZ4MuYpayidabVCkKNWfcyXS8Y,312,1194,2021-05-22 11:26:39.362277,13.33 %
B62qiYicQcKtuSqdDZwFkaMzMCtkPmmFuaPFy6ufp8MtpG3UsHfe2tH,313,1193,2021-05-22 11:26:39.362277,13.32 %
B62qqzuwDk78ePpqDT8AUPkpBEjPHB9EaPc6A4a1WehFSURcxnd6j8k,314,1171,2021-05-22 11:26:39.362277,13.08 %
B62qpScK28kE2CfNgwYQAC4MDKFxVBNxK9SfoDDBdTTwtvt6MCXq3m9,315,1167,2021-05-22 11:26:39.362277,13.03 %
B62qkDqA3eq9t8bLzpm27G9jSpQzgQxYYrhoBf67auBD6hpxFDr4wem,316,1118,2021-05-22 11:26:39.362277,12.48 %
B62qkM6kJHhsSAg7nHgoMUJGQygPXLqfHrRukUyymbY453UVySRUeke,317,1083,2021-05-22 11:26:39.362277,12.09 %
B62qioYv6XhrHUW9CvA1mDW93gCtTY6PA8gKiJLHgpTX7W4ov8FUECX,318,1082,2021-05-22 11:26:39.362277,12.08 %
B62qogWqDwAcZVwXteX11RTtBqL9viVed1Uot55QGeoMx5dUnCVcrZF,319,1075,2021-05-22 11:26:39.362277,12.00 %
B62qnucUMHz7Dw2ReNgWhmR5XCvPeQjJWPReuQ8GwPyY4qj1otGBiKr,320,1054,2021-05-22 11:26:39.362277,11.77 %
B62qrL6nKVcDauhnjFjeneeHr8oF5BNuL2Gb46aC2SVQhHzV2oxG23f,321,1044,2021-05-22 11:26:39.362277,11.66 %
B62qnKxaHF33GChUB3CswW1DzVVWwF2nR3PvTdvzFneAJQ7gaCU2n8X,322,1031,2021-05-22 11:26:39.362277,11.51 %
B62qmcM59yLzAV1t7SBNwY4dWL164w2JVeimJjRWNjH4rD3qeCVnRbW,323,1012,2021-05-22 11:26:39.362277,11.30 %
B62qnjpQq2uPKSsRJU4ivYYvECnY2RbkSDVsoKJn9nFkq2YPu7XazHg,324,987,2021-05-22 11:26:39.362277,11.02 %
B62qq3WS7BeAMu8PtfJjrPYNNz9cJpa6EJTfTkn7pQS1pPddapn2yDV,325,981,2021-05-22 11:26:39.362277,10.95 %
B62qjBxeuwxjcC2XRqw6YQnC5BHt8v7H6LS25iW6D4CKFwGYvCVqTXq,326,979,2021-05-22 11:26:39.362277,10.93 %
B62qigLWBbpoXjsxDQx4zFQofz3DEnfspxX14wAVEnGryv4jg7sPWcF,327,977,2021-05-22 11:26:39.362277,10.91 %
B62qiXa7zUP1YizSAowgUyBXQ9hZZkofrdFm2GGX7zjUvR36T7HSjwR,328,974,2021-05-22 11:26:39.362277,10.88 %
B62qoYVcxsGQWVuPuvU53jCHFnuJ4FLePM8SwkVYNfxboJU5pttpyMf,329,966,2021-05-22 11:26:39.362277,10.79 %
B62qp3PqVZ9pLdwaGvaRCc8NnqRk1TfpJGbsCZp6JxE3PhdajFVDvNH,330,963,2021-05-22 11:26:39.362277,10.75 %
B62qjceYTwKGRigmhy9A1sPZYsvgAxSYmVfkgqC1jUkbpLCsoGWHeXX,331,962,2021-05-22 11:26:39.362277,10.74 %
B62qqZcxyBkzfuvATNj2YmbvMZxtwefwgBVzArEwzkgS4atocFxn5T4,332,961,2021-05-22 11:26:39.362277,10.73 %
B62qigns7u1nxtgxT5H5Keu9QJRhjYeipM3YoGL4CnBHSeqWASqVGAZ,333,930,2021-05-22 11:26:39.362277,10.39 %
B62qn9Av22qKuvvksYE2jyMeaUNZtMwd8aodPhwCurJoiz5n1daioQ5,334,927,2021-05-22 11:26:39.362277,10.35 %
B62qrv4nE63JZsDVswvwZgPqZjGU66DMXZPrGAiDFjuFrLsr5YAJw9o,335,924,2021-05-22 11:26:39.362277,10.32 %
B62qkSashvpHk4t7UL2tMtYMqX1eBUxS6ekx3JLbBPKDNKLjV5mHJZM,336,916,2021-05-22 11:26:39.362277,10.23 %
B62qrQMvZrta9QjfQAmC9JsUjyUWDXX3h18nRt4FZm7wNgj9YPKwM5Z,337,914,2021-05-22 11:26:39.362277,10.21 %
B62qpy6sXLwATHek6wjWKqmDukA7m62rtF1ChoTt1ZMT2po3a4hTW3R,338,899,2021-05-22 11:26:39.362277,10.04 %
B62qoEMS3PDoAzLMyffJ4LTZx3uuqxWFYYLxpX9vBQcZQr1KNXeb5qk,339,885,2021-05-22 11:26:39.362277,9.88 %
B62qr2CgfiqKX2pVNkKTBKnHK8SAwqhHW1KUcszTp5Maivq1inYhRea,340,882,2021-05-22 11:26:39.362277,9.85 %
B62qq8Mr82fvMWchDJRdqWGbD1y4eHrhXBU1L5VzZHgcTwPEX2dndKi,341,843,2021-05-22 11:26:39.362277,9.41 %
B62qoqDEmZYb1qgUnBj3PqxbQYtdi6EbDpyYAq6enrnYJJHGEcpAM8x,342,825,2021-05-22 11:26:39.362277,9.21 %
B62qjUaGVZqZ8iri5r6rSQya6a1jWqyYAQt7JSicLf1sQs9BRCKdskT,343,820,2021-05-22 11:26:39.362277,9.16 %
B62qqJfmQFsqSiheJomVHzLrfdtWyJau7FVNGTJL3PaPqucmYWhWcSb,344,779,2021-05-22 11:26:39.362277,8.70 %
B62qpe129AcY7gPkiNdStKxNtwQC9Y2ZyZCMKGKn6taZGCdTdBtuBYR,345,705,2021-05-22 11:26:39.362277,7.87 %
B62qrW7on9v5z9uZYdtsQeiQVjkFRDZgkRGSVgxGHqcbdCzYwf9vE4k,346,696,2021-05-22 11:26:39.362277,7.77 %
B62qpGVZXaTqNFF5zWaDHsK6eLJLE95JtsfxWcDEy8MdkaDDay5RFHb,347,693,2021-05-22 11:26:39.362277,7.74 %
B62qnXy1f75qq8c6HS2Am88Gk6UyvTHK3iSYh4Hb3nD6DS2eS6wZ4or,348,679,2021-05-22 11:26:39.362277,7.58 %
B62qm2o16xqCCqV5vkfqYEHNNqFSsMx6VK835H8uszpd78bnsTbvQHV,349,660,2021-05-22 11:26:39.362277,7.37 %
B62qpqCBExtxzfHUPkmrrfmYhXZyg3V7pSmwuxHMzTi8E6gBbopauJS,350,650,2021-05-22 11:26:39.362277,7.26 %
B62qpGd5NJe6oLytAypn6gWD5rxeB4TCatLdDfD4k8KQN8NAD1huzMp,351,639,2021-05-22 11:26:39.362277,7.14 %
B62qjba91UL7VitD15oyBMD2XYmTjam2FvZ6qB942xWrCDrChUscLGb,352,615,2021-05-22 11:26:39.362277,6.87 %
B62qqrTPrFvi3bvcGrM7zCgc7YWug74PhzRBGzBr19ao5teNQNigxSZ,353,611,2021-05-22 11:26:39.362277,6.82 %
B62qkZKuBgTicBikHfysiq3MZhGkhsABfKTQf49EJacg5QWC4wNP1Yv,354,605,2021-05-22 11:26:39.362277,6.76 %
B62qoNBu1CV2UFJTvT7gfG5r7c4C5pAuLCw8yf5CSKs3qkswSQa6JFn,355,588,2021-05-22 11:26:39.362277,6.57 %
B62qqYe1ywDBp74aLu6CZyZY6Nx7YnzWKXh4g4tcmdTUGttcMSA2Kix,356,557,2021-05-22 11:26:39.362277,6.22 %
B62qpw7qJWuvnEXXDZ7EwCs7qrARCLYA84LY9XTKGvQnANkVANNZeNM,357,544,2021-05-22 11:26:39.362277,6.07 %
B62qoW9DqUPD9drtEE4r66Qxe1DPpTkTrQavJGztFoUY48JjPv6qd2N,358,539,2021-05-22 11:26:39.362277,6.02 %
B62qmcuVwrf9CVBf9AfEatVG7PHr4YRYV7LvQt1GDu1ZAf5wUxvG6aB,359,531,2021-05-22 11:26:39.362277,5.93 %
B62qpUXHbTVzyvZT8cs6fS3h8g74PNa4nFHTC7rhK29geJECWZnj1EY,360,515,2021-05-22 11:26:39.362277,5.75 %
